window,start,end,geom_mean,n_windows,window_type,window_id,subset,fold,sub_label,tau,d,h
1,38.3629999160767,4605678.9519999,13292.3911035242,1,regular,1,all,1,,-4.60366540433858,0.378658400836722,0.0565874379159256
1,38.3629999160767,13238.1209998131,712.638782838012,2,regular,2,all,1,,-3.33920530022723,0.491268018138685,0.782822367832687
2,13371.3069999218,4605678.9519999,248161.131546157,2,regular,3,all,1,,-4.7814500675253,0.357692613346168,0.0302909092995459
1,38.3629999160767,395.178999900818,123.126974867534,5,regular,4,all,1,,-2.85008120296495,0.532497859685684,1
2,398.260999917984,4117.75299978256,1280.60158796898,5,regular,5,all,1,,-3.29942767166441,0.468803674274179,0.492719486299885
3,4159.79800009727,42791.6510000229,13341.8373641248,5,regular,6,all,1,,-3.96264644454808,0.40661728829765,0.135767185784094
4,42824.5380001068,441248.032000065,137463.60650681,5,regular,7,all,1,,-4.75521093622949,0.352418960145848,0.0269972534526994
5,444687.072000027,4605678.9519999,1431113.51322562,5,regular,8,all,1,,-5.17868370342033,0.335809729917848,0.0109750645931136
1,38.3629999160767,121.253999948502,68.2031318184755,10,regular,9,all,1,,-2.68731237414638,0.560980128991936,1
2,123.598999977112,395.178999900818,221.00617457369,10,regular,10,all,1,,-2.97425508652746,0.509686073043199,1
3,398.260999917984,1281.28500008583,714.342946569851,10,regular,11,all,1,,-3.14017227869845,0.480062965278133,0.631567011773282
4,1285.92199993134,4117.75299978256,2301.11042166682,10,regular,12,all,1,,-3.41872499748466,0.44811131593058,0.305142705737751
5,4159.79800009727,13238.1209998131,7420.77551608107,10,regular,13,all,1,,-3.72868306906361,0.422172606769808,0.185506934223183
6,13371.3069999218,42791.6510000229,23920.2906034776,10,regular,14,all,1,,-4.11059786931912,0.390368609611884,0.0883864150668028
7,42824.5380001068,137553.312999964,76750.6161513218,10,regular,15,all,1,,-4.69294145775594,0.349583640772132,0.0263729733593399
8,138609.907999992,441248.032000065,247308.206739499,10,regular,16,all,1,,-4.81074837702191,0.349835352673394,0.0223026248716341
9,444687.072000027,1410000.22900009,791838.91881709,10,regular,17,all,1,,-5.08707241860611,0.336340545821575,0.0114749366628619
10,1458368.50699997,4605678.9519999,2591674.58160728,10,regular,18,all,1,,-5.58523798532627,0.314055111233421,0.00394847961902521
1,38.3629999160767,68.6730000972748,51.3274029828949,20,regular,19,all,1,,-2.86234010784656,0.541999980255582,1
2,68.949000120163,121.253999948502,91.4349061191595,20,regular,20,all,1,,-2.65492561904209,0.564229066780256,1
3,123.598999977112,220.978999853134,165.265796212615,20,regular,21,all,1,,-2.88903435990692,0.528759073616482,1
4,224.68799996376,395.178999900818,297.979830047931,20,regular,22,all,1,,-3.04717091303345,0.493857998758638,0.856316534608212
5,398.260999917984,713.151999950409,532.935857860737,20,regular,23,all,1,,-3.16061368371363,0.475142293321744,0.553731671828649
6,719.106000185013,1281.28500008583,959.885269971769,20,regular,24,all,1,,-3.12669002585217,0.48014875660192,0.656403031248914
7,1285.92199993134,2299.80999994278,1719.70237965426,20,regular,25,all,1,,-3.27206632502538,0.463421807076393,0.442567502118694
8,2304.1139998436,4117.75299978256,3080.22277355015,20,regular,26,all,1,,-3.54198908756365,0.432139329446083,0.199916849995576
9,4159.79800009727,7391.78800010681,5545.11901946093,20,regular,27,all,1,,-3.69642362238433,0.421158137814627,0.18420096977823
10,7453.84100008011,13238.1209998131,9933.52148396672,20,regular,28,all,1,,-3.75162089529062,0.416182985298466,0.173036105428957
11,13371.3069999218,23490.6749999523,17722.8955608205,20,regular,29,all,1,,-3.89177194280273,0.406552422813929,0.128866169868018
12,24164.364000082,42791.6510000229,32156.38398404,20,regular,30,all,1,,-4.38432510028501,0.367622750973888,0.0463007605223882
13,42824.5380001068,76709.8499999046,57315.4768479109,20,regular,31,all,1,,-4.62683092980255,0.353063446844345,0.0296200487670079
14,76959.0260000229,137553.312999964,102888.138245152,20,regular,32,all,1,,-4.72628900696975,0.342545209969626,0.0236543460334968
15,138609.907999992,247039.671000004,185046.334926307,20,regular,33,all,1,,-4.78656190673737,0.348421073099938,0.0214671226912789
16,247494.954999924,441248.032000065,330464.312481183,20,regular,34,all,1,,-4.8390833044136,0.350186651778776,0.0194777847447508
17,444687.072000027,792104.104000092,593496.802625765,20,regular,35,all,1,,-5.01167237178928,0.343671216035819,0.0137187839291063
18,808071.109999895,1410000.22900009,1067417.65497307,20,regular,36,all,1,,-5.25121572158205,0.331405053583951,0.00804224240729241
19,1458368.50699997,2566018.70299983,1934476.89694859,20,regular,37,all,1,,-5.20078694850905,0.333491922601136,0.0081436377301123
20,2573482.61699986,4605678.9519999,3442765.56309806,20,regular,38,all,1,,-5.77897027995517,0.304568502289126,0.0028014975308461
1,38.3629999160767,600,151.716182227362,1,short,39,all,1,,-2.89267396293117,0.523344300980003,1
1,84600,88200,86381.2479650532,1,24h,40,all,1,,-4.69781951368868,0.33978428239895,0.0247453394150867
1,38.3629999160767,4605678.9519999,13292.3911035242,1,regular,1,all,2,,-4.6034707322429,0.378321425051915,0.0567033211404427
1,38.3629999160767,13238.1209998131,712.638782838012,2,regular,2,all,2,,-3.34376437152515,0.490675937368579,0.770675952490625
2,13371.3069999218,4605678.9519999,248161.131546157,2,regular,3,all,2,,-4.77985471932259,0.35758090063455,0.0302983023510585
1,38.3629999160767,395.178999900818,123.126974867534,5,regular,4,all,2,,-2.87308518884865,0.527017960009446,1
2,398.260999917984,4117.75299978256,1280.60158796898,5,regular,5,all,2,,-3.3208411806036,0.465601577857764,0.453181758769031
3,4159.79800009727,42791.6510000229,13341.8373641248,5,regular,6,all,2,,-3.95272331880241,0.407821762460648,0.140292611153017
4,42824.5380001068,441248.032000065,137463.60650681,5,regular,7,all,2,,-4.75304842073943,0.352469179951316,0.0271711107304486
5,444687.072000027,4605678.9519999,1431113.51322562,5,regular,8,all,2,,-5.17118849244524,0.336056224302525,0.0110325828272258
1,38.3629999160767,121.253999948502,68.2031318184755,10,regular,9,all,2,,-2.72885082716438,0.553562366920689,1
2,123.598999977112,395.178999900818,221.00617457369,10,regular,10,all,2,,-2.97836068164158,0.504882043456802,1
3,398.260999917984,1281.28500008583,714.342946569851,10,regular,11,all,2,,-3.17168457623541,0.475757811150806,0.564927538698508
4,1285.92199993134,4117.75299978256,2301.11042166682,10,regular,12,all,2,,-3.43295013816953,0.448689546006895,0.300685502251933
5,4159.79800009727,13238.1209998131,7420.77551608107,10,regular,13,all,2,,-3.68856424519067,0.426520804110893,0.20892486202667
6,13371.3069999218,42791.6510000229,23920.2906034776,10,regular,14,all,2,,-4.12392059394544,0.38921488540448,0.084833204380145
7,42824.5380001068,137553.312999964,76750.6161513218,10,regular,15,all,2,,-4.69318878113517,0.348713562456294,0.026235185113089
8,138609.907999992,441248.032000065,247308.206739499,10,regular,16,all,2,,-4.80653380902379,0.350070315793798,0.0224733129485882
9,444687.072000027,1410000.22900009,791838.91881709,10,regular,17,all,2,,-5.10525346808524,0.334708003603824,0.0109886025572739
10,1458368.50699997,4605678.9519999,2591674.58160728,10,regular,18,all,2,,-5.47595002945084,0.322217216180727,0.00513719492076982
1,38.3629999160767,68.6730000972748,51.3274029828949,20,regular,19,all,2,,-2.82463369011823,0.546528607834955,1
2,68.949000120163,121.253999948502,91.4349061191595,20,regular,20,all,2,,-2.71054718597936,0.555660433158792,1
3,123.598999977112,220.978999853134,165.265796212615,20,regular,21,all,2,,-2.95820472784082,0.515610710803656,1
4,224.68799996376,395.178999900818,297.979830047931,20,regular,22,all,2,,-2.99432091565341,0.500387051387354,1
5,398.260999917984,713.151999950409,532.935857860737,20,regular,23,all,2,,-3.19314811987585,0.470435689222214,0.466451017837041
6,719.106000185013,1281.28500008583,959.885269971769,20,regular,24,all,2,,-3.15753687105998,0.473550513213278,0.585160085551691
7,1285.92199993134,2299.80999994278,1719.70237965426,20,regular,25,all,2,,-3.28130671955614,0.464109810811142,0.449248036636866
8,2304.1139998436,4117.75299978256,3080.22277355015,20,regular,26,all,2,,-3.56175953980318,0.431366769510718,0.19700270556254
9,4159.79800009727,7391.78800010681,5545.11901946093,20,regular,27,all,2,,-3.6245197454042,0.428147997915936,0.218314749342735
10,7453.84100008011,13238.1209998131,9933.52148396672,20,regular,28,all,2,,-3.73638720336795,0.417277565026299,0.180274525195195
11,13371.3069999218,23490.6749999523,17722.8955608205,20,regular,29,all,2,,-3.93634599229873,0.402572701332954,0.116606970883308
12,24164.364000082,42791.6510000229,32156.38398404,20,regular,30,all,2,,-4.35308235268469,0.370292506680968,0.0494079845771151
13,42824.5380001068,76709.8499999046,57315.4768479109,20,regular,31,all,2,,-4.61502333906022,0.354048365334683,0.03015273125368
14,76959.0260000229,137553.312999964,102888.138245152,20,regular,32,all,2,,-4.73273284975726,0.342069370649357,0.0230917912329802
15,138609.907999992,247039.671000004,185046.334926307,20,regular,33,all,2,,-4.78607180569174,0.348416581967629,0.021742397976348
16,247494.954999924,441248.032000065,330464.312481183,20,regular,34,all,2,,-4.83038270288747,0.35073661639836,0.0199315842422841
17,444687.072000027,792104.104000092,593496.802625765,20,regular,35,all,2,,-5.0265682099813,0.342822389917554,0.0135141067082131
18,808071.109999895,1410000.22900009,1067417.65497307,20,regular,36,all,2,,-5.27451768637895,0.329827264018168,0.0078250585325463
19,1458368.50699997,2566018.70299983,1934476.89694859,20,regular,37,all,2,,-5.14000979657976,0.336315553196032,0.00890501265076854
20,2573482.61699986,4605678.9519999,3442765.56309806,20,regular,38,all,2,,-5.65117059962858,0.310142479853413,0.00333451922326109
1,38.3629999160767,600,151.716182227362,1,short,39,all,2,,-2.91776512848114,0.51771685426597,1
1,84600,88200,86381.2479650532,1,24h,40,all,2,,-4.74382739297096,0.344846331771617,0.0226939945450581
1,38.3629999160767,4605678.9519999,13292.3911035242,1,regular,1,all,3,,-4.61471716916824,0.377826718492186,0.0552889880268765
1,38.3629999160767,13238.1209998131,712.638782838012,2,regular,2,all,3,,-3.35978110012367,0.489014929170519,0.729963544528709
2,13371.3069999218,4605678.9519999,248161.131546157,2,regular,3,all,3,,-4.78713396260081,0.357191846443542,0.029817075818851
1,38.3629999160767,395.178999900818,123.126974867534,5,regular,4,all,3,,-2.85439738841166,0.529608339390403,1
2,398.260999917984,4117.75299978256,1280.60158796898,5,regular,5,all,3,,-3.34375517559731,0.463116539509821,0.422976292175513
3,4159.79800009727,42791.6510000229,13341.8373641248,5,regular,6,all,3,,-3.98042071136528,0.405202581184031,0.130678321523027
4,42824.5380001068,441248.032000065,137463.60650681,5,regular,7,all,3,,-4.75927629490848,0.352066637165929,0.0266665886847296
5,444687.072000027,4605678.9519999,1431113.51322562,5,regular,8,all,3,,-5.17289009843331,0.335800372808758,0.0110002074698845
1,38.3629999160767,121.253999948502,68.2031318184755,10,regular,9,all,3,,-2.7074730690828,0.558028290846559,1
2,123.598999977112,395.178999900818,221.00617457369,10,regular,10,all,3,,-2.9644368357152,0.509152191225398,1
3,398.260999917984,1281.28500008583,714.342946569851,10,regular,11,all,3,,-3.1756489688288,0.474283103479097,0.550602640196232
4,1285.92199993134,4117.75299978256,2301.11042166682,10,regular,12,all,3,,-3.47313281932383,0.443193254910631,0.259133584754536
5,4159.79800009727,13238.1209998131,7420.77551608107,10,regular,13,all,3,,-3.72500737329846,0.423299759245888,0.189743590858042
6,13371.3069999218,42791.6510000229,23920.2906034776,10,regular,14,all,3,,-4.1423203979814,0.387233258089939,0.0801068110203486
7,42824.5380001068,137553.312999964,76750.6161513218,10,regular,15,all,3,,-4.6954625630635,0.348749540405472,0.026099631418649
8,138609.907999992,441248.032000065,247308.206739499,10,regular,16,all,3,,-4.81643722853624,0.349421648793758,0.0220598252095285
9,444687.072000027,1410000.22900009,791838.91881709,10,regular,17,all,3,,-5.09060338370558,0.335972437292509,0.0113668791288389
10,1458368.50699997,4605678.9519999,2591674.58160728,10,regular,18,all,3,,-5.54763965415292,0.315428584295798,0.00412485838611123
1,38.3629999160767,68.6730000972748,51.3274029828949,20,regular,19,all,3,,-2.85569465666411,0.543821881568622,1
2,68.949000120163,121.253999948502,91.4349061191595,20,regular,20,all,3,,-2.68000326244649,0.56029153217607,1
3,123.598999977112,220.978999853134,165.265796212615,20,regular,21,all,3,,-2.95382376985782,0.515419784540369,1
4,224.68799996376,395.178999900818,297.979830047931,20,regular,22,all,3,,-2.97247689669997,0.502832182308017,1
5,398.260999917984,713.151999950409,532.935857860737,20,regular,23,all,3,,-3.15048207209267,0.47521855028087,0.549340900647806
6,719.106000185013,1281.28500008583,959.885269971769,20,regular,24,all,3,,-3.19281012703761,0.470685086289439,0.533901267623509
7,1285.92199993134,2299.80999994278,1719.70237965426,20,regular,25,all,3,,-3.30762474631983,0.461016851016823,0.39772816195087
8,2304.1139998436,4117.75299978256,3080.22277355015,20,regular,26,all,3,,-3.6142768059253,0.424497749730322,0.162859646219313
9,4159.79800009727,7391.78800010681,5545.11901946093,20,regular,27,all,3,,-3.72022772935782,0.416820555519755,0.168346485162154
10,7453.84100008011,13238.1209998131,9933.52148396672,20,regular,28,all,3,,-3.72834200359029,0.419241925778337,0.185677063036297
11,13371.3069999218,23490.6749999523,17722.8955608205,20,regular,29,all,3,,-3.9522124351063,0.400436228170842,0.109755236955818
12,24164.364000082,42791.6510000229,32156.38398404,20,regular,30,all,3,,-4.37897754078886,0.368366671445193,0.0488718824333612
13,42824.5380001068,76709.8499999046,57315.4768479109,20,regular,31,all,3,,-4.64082477449545,0.349476624259519,0.0281605845915726
14,76959.0260000229,137553.312999964,102888.138245152,20,regular,32,all,3,,-4.72279843525182,0.343057285876245,0.0236427515526555
15,138609.907999992,247039.671000004,185046.334926307,20,regular,33,all,3,,-4.79963038001776,0.347192983783225,0.0210277555155588
16,247494.954999924,441248.032000065,330464.312481183,20,regular,34,all,3,,-4.83588251710715,0.350625389507038,0.0200626044649464
17,444687.072000027,792104.104000092,593496.802625765,20,regular,35,all,3,,-4.99194866423998,0.344898898650837,0.0143980669684594
18,808071.109999895,1410000.22900009,1067417.65497307,20,regular,36,all,3,,-5.30518001296322,0.325188116666445,0.00709192972088698
19,1458368.50699997,2566018.70299983,1934476.89694859,20,regular,37,all,3,,-5.13860811408489,0.336786350331626,0.0089346355004221
20,2573482.61699986,4605678.9519999,3442765.56309806,20,regular,38,all,3,,-5.75779263797767,0.305732704403016,0.002921978763457
1,38.3629999160767,600,151.716182227362,1,short,39,all,3,,-2.89789204798554,0.5212364122792,1
1,84600,88200,86381.2479650532,1,24h,40,all,3,,-4.71594439900211,0.339277308573665,0.0234071247987244
1,38.3629999160767,4605678.9519999,13292.3911035242,1,regular,1,all,4,,-4.6070211381959,0.37814708564909,0.0560507348635802
1,38.3629999160767,13238.1209998131,712.638782838012,2,regular,2,all,4,,-3.35040117291984,0.490589494779289,0.776009526183218
2,13371.3069999218,4605678.9519999,248161.131546157,2,regular,3,all,4,,-4.78085930836673,0.357527530438334,0.0300772413750981
1,38.3629999160767,395.178999900818,123.126974867534,5,regular,4,all,4,,-2.84803286472832,0.530962190723592,1
2,398.260999917984,4117.75299978256,1280.60158796898,5,regular,5,all,4,,-3.32377187501217,0.466395023439676,0.464221606843993
3,4159.79800009727,42791.6510000229,13341.8373641248,5,regular,6,all,4,,-3.96417582354681,0.406097093345351,0.133796342561848
4,42824.5380001068,441248.032000065,137463.60650681,5,regular,7,all,4,,-4.75154718731761,0.352589283349765,0.0270389687261453
5,444687.072000027,4605678.9519999,1431113.51322562,5,regular,8,all,4,,-5.18688901157133,0.335233273527288,0.0107330388780525
1,38.3629999160767,121.253999948502,68.2031318184755,10,regular,9,all,4,,-2.71347183163616,0.555623147161564,1
2,123.598999977112,395.178999900818,221.00617457369,10,regular,10,all,4,,-2.945519924823,0.512988029305261,1
3,398.260999917984,1281.28500008583,714.342946569851,10,regular,11,all,4,,-3.13010900192029,0.481630544138541,0.679033287227108
4,1285.92199993134,4117.75299978256,2301.11042166682,10,regular,12,all,4,,-3.47714895415562,0.44405332286424,0.267786979849322
5,4159.79800009727,13238.1209998131,7420.77551608107,10,regular,13,all,4,,-3.72615075405893,0.422529937073981,0.185077903115883
6,13371.3069999218,42791.6510000229,23920.2906034776,10,regular,14,all,4,,-4.11490582550492,0.389820427970883,0.0851753533784329
7,42824.5380001068,137553.312999964,76750.6161513218,10,regular,15,all,4,,-4.69180415936682,0.348953198191482,0.0262697651117516
8,138609.907999992,441248.032000065,247308.206739499,10,regular,16,all,4,,-4.80498415535276,0.35025340366426,0.0225475560022909
9,444687.072000027,1410000.22900009,791838.91881709,10,regular,17,all,4,,-5.09488881922104,0.335870461656905,0.0113152516678973
10,1458368.50699997,4605678.9519999,2591674.58160728,10,regular,18,all,4,,-5.59600989522366,0.313818473955501,0.00388340956704725
1,38.3629999160767,68.6730000972748,51.3274029828949,20,regular,19,all,4,,-2.81724945566279,0.546402888118493,1
2,68.949000120163,121.253999948502,91.4349061191595,20,regular,20,all,4,,-2.69452315689038,0.557478814836923,1
3,123.598999977112,220.978999853134,165.265796212615,20,regular,21,all,4,,-2.92678214970771,0.521875388885017,1
4,224.68799996376,395.178999900818,297.979830047931,20,regular,22,all,4,,-2.96042023229418,0.507952022067984,1
5,398.260999917984,713.151999950409,532.935857860737,20,regular,23,all,4,,-3.12068641614047,0.48079427940981,0.62682389832188
6,719.106000185013,1281.28500008583,959.885269971769,20,regular,24,all,4,,-3.13651793470089,0.478421535585971,0.647012472404797
7,1285.92199993134,2299.80999994278,1719.70237965426,20,regular,25,all,4,,-3.33890798712192,0.458394353868861,0.37029134776977
8,2304.1139998436,4117.75299978256,3080.22277355015,20,regular,26,all,4,,-3.58940842924159,0.428292082196962,0.180519405569755
9,4159.79800009727,7391.78800010681,5545.11901946093,20,regular,27,all,4,,-3.68305935714494,0.422152300761888,0.192787758438918
10,7453.84100008011,13238.1209998131,9933.52148396672,20,regular,28,all,4,,-3.75639200315659,0.414729371790622,0.1688612478563
11,13371.3069999218,23490.6749999523,17722.8955608205,20,regular,29,all,4,,-3.96251965408014,0.399866407600117,0.110124435783161
12,24164.364000082,42791.6510000229,32156.38398404,20,regular,30,all,4,,-4.29807108194621,0.374418128924015,0.0575653147891273
13,42824.5380001068,76709.8499999046,57315.4768479109,20,regular,31,all,4,,-4.63840785737818,0.352719225388672,0.0290056025677671
14,76959.0260000229,137553.312999964,102888.138245152,20,regular,32,all,4,,-4.71828698105825,0.343454519455529,0.0237722876705777
15,138609.907999992,247039.671000004,185046.334926307,20,regular,33,all,4,,-4.78885142963161,0.348282247304582,0.0217392935830843
16,247494.954999924,441248.032000065,330464.312481183,20,regular,34,all,4,,-4.82378462383459,0.351669809224287,0.0205114884873912
17,444687.072000027,792104.104000092,593496.802625765,20,regular,35,all,4,,-5.00193296531287,0.343711687742817,0.0138186249052235
18,808071.109999895,1410000.22900009,1067417.65497307,20,regular,36,all,4,,-5.29150720890387,0.328783663562458,0.00782900172139012
19,1458368.50699997,2566018.70299983,1934476.89694859,20,regular,37,all,4,,-5.29387064583885,0.328362340349984,0.00688569064465639
20,2573482.61699986,4605678.9519999,3442765.56309806,20,regular,38,all,4,,-5.75336637374952,0.305214120110857,0.00286058250676442
1,38.3629999160767,600,151.716182227362,1,short,39,all,4,,-2.8865666647089,0.52286992383996,1
1,84600,88200,86381.2479650532,1,24h,40,all,4,,-4.7302366406085,0.338011011561686,0.0226528441087414
1,38.3629999160767,4605678.9519999,13292.3911035242,1,regular,1,all,5,,-4.60714693111245,0.37841249792594,0.0559001038603084
1,38.3629999160767,13238.1209998131,712.638782838012,2,regular,2,all,5,,-3.36420230111329,0.48818141099474,0.718802412057964
2,13371.3069999218,4605678.9519999,248161.131546157,2,regular,3,all,5,,-4.77810394246483,0.357864214738176,0.0304411203200778
1,38.3629999160767,395.178999900818,123.126974867534,5,regular,4,all,5,,-2.88477194897399,0.52598109214166,1
2,398.260999917984,4117.75299978256,1280.60158796898,5,regular,5,all,5,,-3.33225747244974,0.465113795345008,0.448405147338026
3,4159.79800009727,42791.6510000229,13341.8373641248,5,regular,6,all,5,,-3.97026706691334,0.406094867904271,0.132424598389311
4,42824.5380001068,441248.032000065,137463.60650681,5,regular,7,all,5,,-4.74483900775458,0.353262061442166,0.0276379897520942
5,444687.072000027,4605678.9519999,1431113.51322562,5,regular,8,all,5,,-5.19134657452317,0.334903232414726,0.0107064303152589
1,38.3629999160767,121.253999948502,68.2031318184755,10,regular,9,all,5,,-2.74385641406667,0.553491224043593,1
2,123.598999977112,395.178999900818,221.00617457369,10,regular,10,all,5,,-2.98680591968806,0.505849304020997,1
3,398.260999917984,1281.28500008583,714.342946569851,10,regular,11,all,5,,-3.14317456884876,0.479945163680019,0.649578238026383
4,1285.92199993134,4117.75299978256,2301.11042166682,10,regular,12,all,5,,-3.4787660416243,0.441555163219096,0.257791075105266
5,4159.79800009727,13238.1209998131,7420.77551608107,10,regular,13,all,5,,-3.72320622255369,0.423702976161238,0.192537333418608
6,13371.3069999218,42791.6510000229,23920.2906034776,10,regular,14,all,5,,-4.12811635705664,0.388532688490522,0.0840388325744306
7,42824.5380001068,137553.312999964,76750.6161513218,10,regular,15,all,5,,-4.69161282803636,0.349106264269141,0.0265669443128231
8,138609.907999992,441248.032000065,247308.206739499,10,regular,16,all,5,,-4.7928271829613,0.351308750363248,0.0231815111365099
9,444687.072000027,1410000.22900009,791838.91881709,10,regular,17,all,5,,-5.10678800889143,0.334784626164021,0.0109802922553983
10,1458368.50699997,4605678.9519999,2591674.58160728,10,regular,18,all,5,,-5.56805535903324,0.314782295267272,0.00407796288873841
1,38.3629999160767,68.6730000972748,51.3274029828949,20,regular,19,all,5,,-2.81358945126932,0.555960091737159,1
2,68.949000120163,121.253999948502,91.4349061191595,20,regular,20,all,5,,-2.73044311212214,0.552677418703091,1
3,123.598999977112,220.978999853134,165.265796212615,20,regular,21,all,5,,-2.93274668380572,0.521402019983003,1
4,224.68799996376,395.178999900818,297.979830047931,20,regular,22,all,5,,-3.03222780818703,0.495118390396297,0.880656328686043
5,398.260999917984,713.151999950409,532.935857860737,20,regular,23,all,5,,-3.10835305177613,0.483119272337824,0.672117268064843
6,719.106000185013,1281.28500008583,959.885269971769,20,regular,24,all,5,,-3.16773198853859,0.474009011234879,0.579410086297
7,1285.92199993134,2299.80999994278,1719.70237965426,20,regular,25,all,5,,-3.30912029977761,0.460093329043207,0.393155474913061
8,2304.1139998436,4117.75299978256,3080.22277355015,20,regular,26,all,5,,-3.62254559107181,0.424185055314599,0.160714448625798
9,4159.79800009727,7391.78800010681,5545.11901946093,20,regular,27,all,5,,-3.65306996131189,0.42468857895863,0.20229594827789
10,7453.84100008011,13238.1209998131,9933.52148396672,20,regular,28,all,5,,-3.77527761709606,0.41429307479395,0.165532818999725
11,13371.3069999218,23490.6749999523,17722.8955608205,20,regular,29,all,5,,-3.92188044244906,0.403091094340356,0.118542495545494
12,24164.364000082,42791.6510000229,32156.38398404,20,regular,30,all,5,,-4.38799388111574,0.366310541088373,0.0471484443262979
13,42824.5380001068,76709.8499999046,57315.4768479109,20,regular,31,all,5,,-4.61868388746892,0.352018276426291,0.0296663595675023
14,76959.0260000229,137553.312999964,102888.138245152,20,regular,32,all,5,,-4.72827242280888,0.342724196514665,0.0233821284787428
15,138609.907999992,247039.671000004,185046.334926307,20,regular,33,all,5,,-4.77440278387491,0.349403114691167,0.0222623331889512
16,247494.954999924,441248.032000065,330464.312481183,20,regular,34,all,5,,-4.81444660053836,0.352471933506578,0.0209607974228937
17,444687.072000027,792104.104000092,593496.802625765,20,regular,35,all,5,,-5.01187449041357,0.3429730546131,0.0133538208669107
18,808071.109999895,1410000.22900009,1067417.65497307,20,regular,36,all,5,,-5.31107093005728,0.327152709359996,0.00714267220989845
19,1458368.50699997,2566018.70299983,1934476.89694859,20,regular,37,all,5,,-5.23458888370008,0.330842925007689,0.00736666755201609
20,2573482.61699986,4605678.9519999,3442765.56309806,20,regular,38,all,5,,-5.74473687559159,0.306238081655322,0.0029444837426553
1,38.3629999160767,600,151.716182227362,1,short,39,all,5,,-2.91454568802493,0.518634156599767,1
1,84600,88200,86381.2479650532,1,24h,40,all,5,,-4.72944259359777,0.337834533553157,0.0223089069557322
